2015-01-01;quinta-feira
2015-01-02;sexta-feira
2015-01-05;segunda-feira
2015-01-06;terca-feira
2015-01-07;quarta-feira
2015-01-08;quinta-feira
2015-01-09;sexta-feira
2015-01-12;segunda-feira
2015-01-13;terca-feira
2015-01-14;quarta-feira
2015-01-15;quinta-feira
2015-01-16;sexta-feira
2015-01-19;segunda-feira
2015-01-20;terca-feira
2015-01-21;quarta-feira
2015-01-22;quinta-feira
2015-01-23;sexta-feira
2015-01-26;segunda-feira
2015-01-27;terca-feira
2015-01-28;quarta-feira
2015-01-29;quinta-feira
2015-01-30;sexta-feira
2015-02-02;segunda-feira
2015-02-03;terca-feira
2015-02-04;quarta-feira
2015-02-05;quinta-feira
2015-02-06;sexta-feira
2015-02-09;segunda-feira
2015-02-10;terca-feira
2015-02-11;quarta-feira
2015-02-12;quinta-feira
2015-02-13;sexta-feira
2015-02-16;segunda-feira
2015-02-17;terca-feira
2015-02-18;quarta-feira
2015-02-19;quinta-feira
2015-02-20;sexta-feira
2015-02-23;segunda-feira
2015-02-24;terca-feira
2015-02-25;quarta-feira
2015-02-26;quinta-feira
2015-02-27;sexta-feira
2015-03-02;segunda-feira
2015-03-03;terca-feira
2015-03-04;quarta-feira
2015-03-05;quinta-feira
2015-03-06;sexta-feira
2015-03-09;segunda-feira
2015-03-10;terca-feira
2015-03-11;quarta-feira
2015-03-12;quinta-feira
2015-03-13;sexta-feira
2015-03-16;segunda-feira
2015-03-17;terca-feira
2015-03-18;quarta-feira
2015-03-19;quinta-feira
2015-03-20;sexta-feira
2015-03-23;segunda-feira
2015-03-24;terca-feira
2015-03-25;quarta-feira
2015-03-26;quinta-feira
2015-03-27;sexta-feira
2015-03-30;segunda-feira
2015-03-31;terca-feira
2015-04-01;quarta-feira
2015-04-02;quinta-feira
2015-04-03;sexta-feira
2015-04-06;segunda-feira
2015-04-07;terca-feira
2015-04-08;quarta-feira
2015-04-09;quinta-feira
2015-04-10;sexta-feira
2015-04-13;segunda-feira
2015-04-14;terca-feira
2015-04-15;quarta-feira
2015-04-16;quinta-feira
2015-04-17;sexta-feira
2015-04-20;segunda-feira
2015-04-21;terca-feira
2015-04-22;quarta-feira
2015-04-23;quinta-feira
2015-04-24;sexta-feira
2015-04-27;segunda-feira
2015-04-28;terca-feira
2015-04-29;quarta-feira
2015-04-30;quinta-feira
2015-05-01;sexta-feira
2015-05-04;segunda-feira
2015-05-05;terca-feira
2015-05-06;quarta-feira
2015-05-07;quinta-feira
2015-05-08;sexta-feira
2015-05-11;segunda-feira
2015-05-12;terca-feira
2015-05-13;quarta-feira
2015-05-14;quinta-feira
2015-05-15;sexta-feira
2015-05-18;segunda-feira
2015-05-19;terca-feira
2015-05-20;quarta-feira
2015-05-21;quinta-feira
2015-05-22;sexta-feira
2015-05-25;segunda-feira
2015-05-26;terca-feira
2015-05-27;quarta-feira
2015-05-28;quinta-feira
2015-05-29;sexta-feira
2015-06-01;segunda-feira
2015-06-02;terca-feira
2015-06-03;quarta-feira
2015-06-04;quinta-feira
2015-06-05;sexta-feira
2015-06-08;segunda-feira
2015-06-09;terca-feira
2015-06-10;quarta-feira
2015-06-11;quinta-feira
2015-06-12;sexta-feira
2015-06-15;segunda-feira
2015-06-16;terca-feira
2015-06-17;quarta-feira
2015-06-18;quinta-feira
2015-06-19;sexta-feira
2015-06-22;segunda-feira
2015-06-23;terca-feira
2015-06-24;quarta-feira
2015-06-25;quinta-feira
2015-06-26;sexta-feira
2015-06-29;segunda-feira
2015-06-30;terca-feira
2015-07-01;quarta-feira
2015-07-02;quinta-feira
2015-07-03;sexta-feira
2015-07-06;segunda-feira
2015-07-07;terca-feira
2015-07-08;quarta-feira
2015-07-09;quinta-feira
2015-07-10;sexta-feira
2015-07-13;segunda-feira
2015-07-14;terca-feira
2015-07-15;quarta-feira
2015-07-16;quinta-feira
2015-07-17;sexta-feira
2015-07-20;segunda-feira
2015-07-21;terca-feira
2015-07-22;quarta-feira
2015-07-23;quinta-feira
2015-07-24;sexta-feira
2015-07-27;segunda-feira
2015-07-28;terca-feira
2015-07-29;quarta-feira
2015-07-30;quinta-feira
2015-07-31;sexta-feira
2015-08-03;segunda-feira
2015-08-04;terca-feira
2015-08-05;quarta-feira
2015-08-06;quinta-feira
2015-08-07;sexta-feira
2015-08-10;segunda-feira
2015-08-11;terca-feira
2015-08-12;quarta-feira
2015-08-13;quinta-feira
2015-08-14;sexta-feira
2015-08-17;segunda-feira
2015-08-18;terca-feira
2015-08-19;quarta-feira
2015-08-20;quinta-feira
2015-08-21;sexta-feira
2015-08-24;segunda-feira
2015-08-25;terca-feira
2015-08-26;quarta-feira
2015-08-27;quinta-feira
2015-08-28;sexta-feira
2015-08-31;segunda-feira
2015-09-01;terca-feira
2015-09-02;quarta-feira
2015-09-03;quinta-feira
2015-09-04;sexta-feira
2015-09-07;segunda-feira
2015-09-08;terca-feira
2015-09-09;quarta-feira
2015-09-10;quinta-feira
2015-09-11;sexta-feira
2015-09-14;segunda-feira
2015-09-15;terca-feira
2015-09-16;quarta-feira
2015-09-17;quinta-feira
2015-09-18;sexta-feira
2015-09-21;segunda-feira
2015-09-22;terca-feira
2015-09-23;quarta-feira
2015-09-24;quinta-feira
2015-09-25;sexta-feira
2015-09-28;segunda-feira
2015-09-29;terca-feira
2015-09-30;quarta-feira
2015-10-01;quinta-feira
2015-10-02;sexta-feira
2015-10-05;segunda-feira
2015-10-06;terca-feira
2015-10-07;quarta-feira
2015-10-08;quinta-feira
2015-10-09;sexta-feira
2015-10-12;segunda-feira
2015-10-13;terca-feira
2015-10-14;quarta-feira
2015-10-15;quinta-feira
2015-10-16;sexta-feira
2015-10-19;segunda-feira
2015-10-20;terca-feira
2015-10-21;quarta-feira
2015-10-22;quinta-feira
2015-10-23;sexta-feira
2015-10-26;segunda-feira
2015-10-27;terca-feira
2015-10-28;quarta-feira
2015-10-29;quinta-feira
2015-10-30;sexta-feira
2015-11-02;segunda-feira
2015-11-03;terca-feira
2015-11-04;quarta-feira
2015-11-05;quinta-feira
2015-11-06;sexta-feira
2015-11-09;segunda-feira
2015-11-10;terca-feira
2015-11-11;quarta-feira
2015-11-12;quinta-feira
2015-11-13;sexta-feira
2015-11-16;segunda-feira
2015-11-17;terca-feira
2015-11-18;quarta-feira
2015-11-19;quinta-feira
2015-11-20;sexta-feira
2015-11-23;segunda-feira
2015-11-24;terca-feira
2015-11-25;quarta-feira
2015-11-26;quinta-feira
2015-11-27;sexta-feira
2015-11-30;segunda-feira
2015-12-01;terca-feira
2015-12-02;quarta-feira
2015-12-03;quinta-feira
2015-12-04;sexta-feira
2015-12-07;segunda-feira
2015-12-08;terca-feira
2015-12-09;quarta-feira
2015-12-10;quinta-feira
2015-12-11;sexta-feira
2015-12-14;segunda-feira
2015-12-15;terca-feira
2015-12-16;quarta-feira
2015-12-17;quinta-feira
2015-12-18;sexta-feira
2015-12-21;segunda-feira
2015-12-22;terca-feira
2015-12-23;quarta-feira
2015-12-24;quinta-feira
2015-12-25;sexta-feira
2015-12-28;segunda-feira
2015-12-29;terca-feira
2015-12-30;quarta-feira
2015-12-31;quinta-feira
2016-01-01;sexta-feira
2016-01-04;segunda-feira
2016-01-05;terca-feira
2016-01-06;quarta-feira
2016-01-07;quinta-feira
2016-01-08;sexta-feira
2016-01-11;segunda-feira
2016-01-12;terca-feira
2016-01-13;quarta-feira
2016-01-14;quinta-feira
2016-01-15;sexta-feira
2016-01-18;segunda-feira
2016-01-19;terca-feira
2016-01-20;quarta-feira
2016-01-21;quinta-feira
2016-01-22;sexta-feira
2016-01-25;segunda-feira
2016-01-26;terca-feira
2016-01-27;quarta-feira
2016-01-28;quinta-feira
2016-01-29;sexta-feira
2016-02-01;segunda-feira
2016-02-02;terca-feira
2016-02-03;quarta-feira
2016-02-04;quinta-feira
2016-02-05;sexta-feira
2016-02-08;segunda-feira
2016-02-09;terca-feira
2016-02-10;quarta-feira
2016-02-11;quinta-feira
2016-02-12;sexta-feira
2016-02-15;segunda-feira
2016-02-16;terca-feira
2016-02-17;quarta-feira
2016-02-18;quinta-feira
2016-02-19;sexta-feira
2016-02-22;segunda-feira
2016-02-23;terca-feira
2016-02-24;quarta-feira
2016-02-25;quinta-feira
2016-02-26;sexta-feira
2016-02-29;segunda-feira
2016-03-01;terca-feira
2016-03-02;quarta-feira
2016-03-03;quinta-feira
2016-03-04;sexta-feira
2016-03-07;segunda-feira
2016-03-08;terca-feira
2016-03-09;quarta-feira
2016-03-10;quinta-feira
2016-03-11;sexta-feira
2016-03-14;segunda-feira
2016-03-15;terca-feira
2016-03-16;quarta-feira
2016-03-17;quinta-feira
2016-03-18;sexta-feira
2016-03-21;segunda-feira
2016-03-22;terca-feira
2016-03-23;quarta-feira
2016-03-24;quinta-feira
2016-03-25;sexta-feira
2016-03-28;segunda-feira
2016-03-29;terca-feira
2016-03-30;quarta-feira
2016-03-31;quinta-feira
2016-04-01;sexta-feira
2016-04-04;segunda-feira
2016-04-05;terca-feira
2016-04-06;quarta-feira
2016-04-07;quinta-feira
2016-04-08;sexta-feira
2016-04-11;segunda-feira
2016-04-12;terca-feira
2016-04-13;quarta-feira
2016-04-14;quinta-feira
2016-04-15;sexta-feira
2016-04-18;segunda-feira
2016-04-19;terca-feira
2016-04-20;quarta-feira
2016-04-21;quinta-feira
2016-04-22;sexta-feira
2016-04-25;segunda-feira
2016-04-26;terca-feira
2016-04-27;quarta-feira
2016-04-28;quinta-feira
2016-04-29;sexta-feira
2016-05-02;segunda-feira
2016-05-03;terca-feira
2016-05-04;quarta-feira
2016-05-05;quinta-feira
2016-05-06;sexta-feira
2016-05-09;segunda-feira
2016-05-10;terca-feira
2016-05-11;quarta-feira
2016-05-12;quinta-feira
2016-05-13;sexta-feira
2016-05-16;segunda-feira
2016-05-17;terca-feira
2016-05-18;quarta-feira
2016-05-19;quinta-feira
2016-05-20;sexta-feira
2016-05-23;segunda-feira
2016-05-24;terca-feira
2016-05-25;quarta-feira
2016-05-26;quinta-feira
2016-05-27;sexta-feira
2016-05-30;segunda-feira
2016-05-31;terca-feira
2016-06-01;quarta-feira
2016-06-02;quinta-feira
2016-06-03;sexta-feira
2016-06-06;segunda-feira
2016-06-07;terca-feira
2016-06-08;quarta-feira
2016-06-09;quinta-feira
2016-06-10;sexta-feira
2016-06-13;segunda-feira
2016-06-14;terca-feira
2016-06-15;quarta-feira
2016-06-16;quinta-feira
2016-06-17;sexta-feira
2016-06-20;segunda-feira
2016-06-21;terca-feira
2016-06-22;quarta-feira
2016-06-23;quinta-feira
2016-06-24;sexta-feira
2016-06-27;segunda-feira
2016-06-28;terca-feira
2016-06-29;quarta-feira
2016-06-30;quinta-feira
2016-07-01;sexta-feira
2016-07-04;segunda-feira
2016-07-05;terca-feira
2016-07-06;quarta-feira
2016-07-07;quinta-feira
2016-07-08;sexta-feira
2016-07-11;segunda-feira
2016-07-12;terca-feira
2016-07-13;quarta-feira
2016-07-14;quinta-feira
2016-07-15;sexta-feira
2016-07-18;segunda-feira
2016-07-19;terca-feira
2016-07-20;quarta-feira
2016-07-21;quinta-feira
2016-07-22;sexta-feira
2016-07-25;segunda-feira
2016-07-26;terca-feira
2016-07-27;quarta-feira
2016-07-28;quinta-feira
2016-07-29;sexta-feira
2016-08-01;segunda-feira
2016-08-02;terca-feira
2016-08-03;quarta-feira
2016-08-04;quinta-feira
2016-08-05;sexta-feira
2016-08-08;segunda-feira
2016-08-09;terca-feira
2016-08-10;quarta-feira
2016-08-11;quinta-feira
2016-08-12;sexta-feira
2016-08-15;segunda-feira
2016-08-16;terca-feira
2016-08-17;quarta-feira
2016-08-18;quinta-feira
2016-08-19;sexta-feira
2016-08-22;segunda-feira
2016-08-23;terca-feira
2016-08-24;quarta-feira
2016-08-25;quinta-feira
2016-08-26;sexta-feira
2016-08-29;segunda-feira
2016-08-30;terca-feira
2016-08-31;quarta-feira
2016-09-01;quinta-feira
2016-09-02;sexta-feira
2016-09-05;segunda-feira
2016-09-06;terca-feira
2016-09-07;quarta-feira
2016-09-08;quinta-feira
2016-09-09;sexta-feira
2016-09-12;segunda-feira
2016-09-13;terca-feira
2016-09-14;quarta-feira
2016-09-15;quinta-feira
2016-09-16;sexta-feira
2016-09-19;segunda-feira
2016-09-20;terca-feira
2016-09-21;quarta-feira
2016-09-22;quinta-feira
2016-09-23;sexta-feira
2016-09-26;segunda-feira
2016-09-27;terca-feira
2016-09-28;quarta-feira
2016-09-29;quinta-feira
2016-09-30;sexta-feira
2016-10-03;segunda-feira
2016-10-04;terca-feira
2016-10-05;quarta-feira
2016-10-06;quinta-feira
2016-10-07;sexta-feira
2016-10-10;segunda-feira
2016-10-11;terca-feira
2016-10-12;quarta-feira
2016-10-13;quinta-feira
2016-10-14;sexta-feira
2016-10-17;segunda-feira
2016-10-18;terca-feira
2016-10-19;quarta-feira
2016-10-20;quinta-feira
2016-10-21;sexta-feira
2016-10-24;segunda-feira
2016-10-25;terca-feira
2016-10-26;quarta-feira
2016-10-27;quinta-feira
2016-10-28;sexta-feira
2016-10-31;segunda-feira
2016-11-01;terca-feira
2016-11-02;quarta-feira
2016-11-03;quinta-feira
2016-11-04;sexta-feira
2016-11-07;segunda-feira
2016-11-08;terca-feira
2016-11-09;quarta-feira
2016-11-10;quinta-feira
2016-11-11;sexta-feira
2016-11-14;segunda-feira
2016-11-15;terca-feira
2016-11-16;quarta-feira
2016-11-17;quinta-feira
2016-11-18;sexta-feira
2016-11-21;segunda-feira
2016-11-22;terca-feira
2016-11-23;quarta-feira
2016-11-24;quinta-feira
2016-11-25;sexta-feira
2016-11-28;segunda-feira
2016-11-29;terca-feira
2016-11-30;quarta-feira
2016-12-01;quinta-feira
2016-12-02;sexta-feira
2016-12-05;segunda-feira
2016-12-06;terca-feira
2016-12-07;quarta-feira
2016-12-08;quinta-feira
2016-12-09;sexta-feira
2016-12-12;segunda-feira
2016-12-13;terca-feira
2016-12-14;quarta-feira
2016-12-15;quinta-feira
2016-12-16;sexta-feira
2016-12-19;segunda-feira
2016-12-20;terca-feira
2016-12-21;quarta-feira
2016-12-22;quinta-feira
2016-12-23;sexta-feira
2016-12-26;segunda-feira
2016-12-27;terca-feira
2016-12-28;quarta-feira
2016-12-29;quinta-feira
2016-12-30;sexta-feira
2017-01-02;segunda-feira
2017-01-03;terca-feira
2017-01-04;quarta-feira
2017-01-05;quinta-feira
2017-01-06;sexta-feira
2017-01-09;segunda-feira
2017-01-10;terca-feira
2017-01-11;quarta-feira
2017-01-12;quinta-feira
2017-01-13;sexta-feira
2017-01-16;segunda-feira
2017-01-17;terca-feira
2017-01-18;quarta-feira
2017-01-19;quinta-feira
2017-01-20;sexta-feira
2017-01-23;segunda-feira
2017-01-24;terca-feira
2017-01-25;quarta-feira
2017-01-26;quinta-feira
2017-01-27;sexta-feira
2017-01-30;segunda-feira
2017-01-31;terca-feira
2017-02-01;quarta-feira
2017-02-02;quinta-feira
2017-02-03;sexta-feira
2017-02-06;segunda-feira
2017-02-07;terca-feira
2017-02-08;quarta-feira
2017-02-09;quinta-feira
2017-02-10;sexta-feira
2017-02-13;segunda-feira
2017-02-14;terca-feira
2017-02-15;quarta-feira
2017-02-16;quinta-feira
2017-02-17;sexta-feira
2017-02-20;segunda-feira
2017-02-21;terca-feira
2017-02-22;quarta-feira
2017-02-23;quinta-feira
2017-02-24;sexta-feira
2017-02-27;segunda-feira
2017-02-28;terca-feira
2017-03-01;quarta-feira
2017-03-02;quinta-feira
2017-03-03;sexta-feira
2017-03-06;segunda-feira
2017-03-07;terca-feira
2017-03-08;quarta-feira
2017-03-09;quinta-feira
2017-03-10;sexta-feira
2017-03-13;segunda-feira
2017-03-14;terca-feira
2017-03-15;quarta-feira
2017-03-16;quinta-feira
2017-03-17;sexta-feira
2017-03-20;segunda-feira
2017-03-21;terca-feira
2017-03-22;quarta-feira
2017-03-23;quinta-feira
2017-03-24;sexta-feira
2017-03-27;segunda-feira
2017-03-28;terca-feira
2017-03-29;quarta-feira
2017-03-30;quinta-feira
2017-03-31;sexta-feira
2017-04-03;segunda-feira
2017-04-04;terca-feira
2017-04-05;quarta-feira
2017-04-06;quinta-feira
2017-04-07;sexta-feira
2017-04-10;segunda-feira
2017-04-11;terca-feira
2017-04-12;quarta-feira
2017-04-13;quinta-feira
2017-04-14;sexta-feira
2017-04-17;segunda-feira
2017-04-18;terca-feira
2017-04-19;quarta-feira
2017-04-20;quinta-feira
2017-04-21;sexta-feira
2017-04-24;segunda-feira
2017-04-25;terca-feira
2017-04-26;quarta-feira
2017-04-27;quinta-feira
2017-04-28;sexta-feira
2017-05-01;segunda-feira
2017-05-02;terca-feira
2017-05-03;quarta-feira
2017-05-04;quinta-feira
2017-05-05;sexta-feira
2017-05-08;segunda-feira
2017-05-09;terca-feira
2017-05-10;quarta-feira
2017-05-11;quinta-feira
2017-05-12;sexta-feira
2017-05-15;segunda-feira
2017-05-16;terca-feira
2017-05-17;quarta-feira
2017-05-18;quinta-feira
2017-05-19;sexta-feira
2017-05-22;segunda-feira
2017-05-23;terca-feira
2017-05-24;quarta-feira
2017-05-25;quinta-feira
2017-05-26;sexta-feira
2017-05-29;segunda-feira
2017-05-30;terca-feira
2017-05-31;quarta-feira
2017-06-01;quinta-feira
2017-06-02;sexta-feira
2017-06-05;segunda-feira
2017-06-06;terca-feira
2017-06-07;quarta-feira
2017-06-08;quinta-feira
2017-06-09;sexta-feira
2017-06-12;segunda-feira
2017-06-13;terca-feira
2017-06-14;quarta-feira
2017-06-15;quinta-feira
2017-06-16;sexta-feira
2017-06-19;segunda-feira
2017-06-20;terca-feira
2017-06-21;quarta-feira
2017-06-22;quinta-feira
2017-06-23;sexta-feira
2017-06-26;segunda-feira
2017-06-27;terca-feira
2017-06-28;quarta-feira
2017-06-29;quinta-feira
2017-06-30;sexta-feira
2017-07-03;segunda-feira
2017-07-04;terca-feira
2017-07-05;quarta-feira
2017-07-06;quinta-feira
2017-07-07;sexta-feira
2017-07-10;segunda-feira
2017-07-11;terca-feira
2017-07-12;quarta-feira
2017-07-13;quinta-feira
2017-07-14;sexta-feira
2017-07-17;segunda-feira
2017-07-18;terca-feira
2017-07-19;quarta-feira
2017-07-20;quinta-feira
2017-07-21;sexta-feira
2017-07-24;segunda-feira
2017-07-25;terca-feira
2017-07-26;quarta-feira
2017-07-27;quinta-feira
2017-07-28;sexta-feira
2017-07-31;segunda-feira
2017-08-01;terca-feira
2017-08-02;quarta-feira
2017-08-03;quinta-feira
2017-08-04;sexta-feira
2017-08-07;segunda-feira
2017-08-08;terca-feira
2017-08-09;quarta-feira
2017-08-10;quinta-feira
2017-08-11;sexta-feira
2017-08-14;segunda-feira
2017-08-15;terca-feira
2017-08-16;quarta-feira
2017-08-17;quinta-feira
2017-08-18;sexta-feira
2017-08-21;segunda-feira
2017-08-22;terca-feira
2017-08-23;quarta-feira
2017-08-24;quinta-feira
2017-08-25;sexta-feira
2017-08-28;segunda-feira
2017-08-29;terca-feira
2017-08-30;quarta-feira
2017-08-31;quinta-feira
2017-09-01;sexta-feira
2017-09-04;segunda-feira
2017-09-05;terca-feira
2017-09-06;quarta-feira
2017-09-07;quinta-feira
2017-09-08;sexta-feira
2017-09-11;segunda-feira
2017-09-12;terca-feira
2017-09-13;quarta-feira
2017-09-14;quinta-feira
2017-09-15;sexta-feira
2017-09-18;segunda-feira
2017-09-19;terca-feira
2017-09-20;quarta-feira
2017-09-21;quinta-feira
2017-09-22;sexta-feira
2017-09-25;segunda-feira
2017-09-26;terca-feira
2017-09-27;quarta-feira
2017-09-28;quinta-feira
2017-09-29;sexta-feira
2017-10-02;segunda-feira
2017-10-03;terca-feira
2017-10-04;quarta-feira
2017-10-05;quinta-feira
2017-10-06;sexta-feira
2017-10-09;segunda-feira
2017-10-10;terca-feira
2017-10-11;quarta-feira
2017-10-12;quinta-feira
2017-10-13;sexta-feira
2017-10-16;segunda-feira
2017-10-17;terca-feira
2017-10-18;quarta-feira
2017-10-19;quinta-feira
2017-10-20;sexta-feira
2017-10-23;segunda-feira
2017-10-24;terca-feira
2017-10-25;quarta-feira
2017-10-26;quinta-feira
2017-10-27;sexta-feira
2017-10-30;segunda-feira
2017-10-31;terca-feira
2017-11-01;quarta-feira
2017-11-02;quinta-feira
2017-11-03;sexta-feira
2017-11-06;segunda-feira
2017-11-07;terca-feira
2017-11-08;quarta-feira
2017-11-09;quinta-feira
2017-11-10;sexta-feira
2017-11-13;segunda-feira
2017-11-14;terca-feira
2017-11-15;quarta-feira
2017-11-16;quinta-feira
2017-11-17;sexta-feira
2017-11-20;segunda-feira
2017-11-21;terca-feira
2017-11-22;quarta-feira
2017-11-23;quinta-feira
2017-11-24;sexta-feira
2017-11-27;segunda-feira
2017-11-28;terca-feira
2017-11-29;quarta-feira
2017-11-30;quinta-feira
2017-12-01;sexta-feira
2017-12-04;segunda-feira
2017-12-05;terca-feira
2017-12-06;quarta-feira
2017-12-07;quinta-feira
2017-12-08;sexta-feira
2017-12-11;segunda-feira
2017-12-12;terca-feira
2017-12-13;quarta-feira
2017-12-14;quinta-feira
2017-12-15;sexta-feira
2017-12-18;segunda-feira
2017-12-19;terca-feira
2017-12-20;quarta-feira
2017-12-21;quinta-feira
2017-12-22;sexta-feira
2017-12-25;segunda-feira
2017-12-26;terca-feira
2017-12-27;quarta-feira
2017-12-28;quinta-feira
2017-12-29;sexta-feira
2018-01-01;segunda-feira
2018-01-02;terca-feira
2018-01-03;quarta-feira
2018-01-04;quinta-feira
2018-01-05;sexta-feira
2018-01-08;segunda-feira
2018-01-09;terca-feira
2018-01-10;quarta-feira
2018-01-11;quinta-feira
2018-01-12;sexta-feira
2018-01-15;segunda-feira
2018-01-16;terca-feira
2018-01-17;quarta-feira
2018-01-18;quinta-feira
2018-01-19;sexta-feira
2018-01-22;segunda-feira
2018-01-23;terca-feira
2018-01-24;quarta-feira
2018-01-25;quinta-feira
2018-01-26;sexta-feira
2018-01-29;segunda-feira
2018-01-30;terca-feira
2018-01-31;quarta-feira
2018-02-01;quinta-feira
2018-02-02;sexta-feira
2018-02-05;segunda-feira
2018-02-06;terca-feira
2018-02-07;quarta-feira
2018-02-08;quinta-feira
2018-02-09;sexta-feira
2018-02-12;segunda-feira
2018-02-13;terca-feira
2018-02-14;quarta-feira
2018-02-15;quinta-feira
2018-02-16;sexta-feira
2018-02-19;segunda-feira
2018-02-20;terca-feira
2018-02-21;quarta-feira
2018-02-22;quinta-feira
2018-02-23;sexta-feira
2018-02-26;segunda-feira
2018-02-27;terca-feira
2018-02-28;quarta-feira
2018-03-01;quinta-feira
2018-03-02;sexta-feira
2018-03-05;segunda-feira
2018-03-06;terca-feira
2018-03-07;quarta-feira
2018-03-08;quinta-feira
2018-03-09;sexta-feira
2018-03-12;segunda-feira
2018-03-13;terca-feira
2018-03-14;quarta-feira
2018-03-15;quinta-feira
2018-03-16;sexta-feira
2018-03-19;segunda-feira
2018-03-20;terca-feira
2018-03-21;quarta-feira
2018-03-22;quinta-feira
2018-03-23;sexta-feira
2018-03-26;segunda-feira
2018-03-27;terca-feira
2018-03-28;quarta-feira
2018-03-29;quinta-feira
2018-03-30;sexta-feira
2018-04-02;segunda-feira
2018-04-03;terca-feira
2018-04-04;quarta-feira
2018-04-05;quinta-feira
2018-04-06;sexta-feira
2018-04-09;segunda-feira
2018-04-10;terca-feira
2018-04-11;quarta-feira
2018-04-12;quinta-feira
2018-04-13;sexta-feira
2018-04-16;segunda-feira
2018-04-17;terca-feira
2018-04-18;quarta-feira
2018-04-19;quinta-feira
2018-04-20;sexta-feira
2018-04-23;segunda-feira
2018-04-24;terca-feira
2018-04-25;quarta-feira
2018-04-26;quinta-feira
2018-04-27;sexta-feira
2018-04-30;segunda-feira
2018-05-01;terca-feira
2018-05-02;quarta-feira
2018-05-03;quinta-feira
2018-05-04;sexta-feira
2018-05-07;segunda-feira
2018-05-08;terca-feira
2018-05-09;quarta-feira
2018-05-10;quinta-feira
2018-05-11;sexta-feira
2018-05-14;segunda-feira
2018-05-15;terca-feira
2018-05-16;quarta-feira
2018-05-17;quinta-feira
2018-05-18;sexta-feira
2018-05-21;segunda-feira
2018-05-22;terca-feira
2018-05-23;quarta-feira
2018-05-24;quinta-feira
2018-05-25;sexta-feira
2018-05-28;segunda-feira
2018-05-29;terca-feira
2018-05-30;quarta-feira
2018-05-31;quinta-feira
2018-06-01;sexta-feira
2018-06-04;segunda-feira
2018-06-05;terca-feira
2018-06-06;quarta-feira
2018-06-07;quinta-feira
2018-06-08;sexta-feira
2018-06-11;segunda-feira
2018-06-12;terca-feira
2018-06-13;quarta-feira
2018-06-14;quinta-feira
2018-06-15;sexta-feira
2018-06-18;segunda-feira
2018-06-19;terca-feira
2018-06-20;quarta-feira
2018-06-21;quinta-feira
2018-06-22;sexta-feira
2018-06-25;segunda-feira
2018-06-26;terca-feira
2018-06-27;quarta-feira
2018-06-28;quinta-feira
2018-06-29;sexta-feira
2018-07-02;segunda-feira
2018-07-03;terca-feira
2018-07-04;quarta-feira
2018-07-05;quinta-feira
2018-07-06;sexta-feira
2018-07-09;segunda-feira
2018-07-10;terca-feira
2018-07-11;quarta-feira
2018-07-12;quinta-feira
2018-07-13;sexta-feira
2018-07-16;segunda-feira
2018-07-17;terca-feira
2018-07-18;quarta-feira
2018-07-19;quinta-feira
2018-07-20;sexta-feira
2018-07-23;segunda-feira
2018-07-24;terca-feira
2018-07-25;quarta-feira
2018-07-26;quinta-feira
2018-07-27;sexta-feira
2018-07-30;segunda-feira
2018-07-31;terca-feira
2018-08-01;quarta-feira
2018-08-02;quinta-feira
2018-08-03;sexta-feira
2018-08-06;segunda-feira
2018-08-07;terca-feira
2018-08-08;quarta-feira
2018-08-09;quinta-feira
2018-08-10;sexta-feira
2018-08-13;segunda-feira
2018-08-14;terca-feira
2018-08-15;quarta-feira
2018-08-16;quinta-feira
2018-08-17;sexta-feira
2018-08-20;segunda-feira
2018-08-21;terca-feira
2018-08-22;quarta-feira
2018-08-23;quinta-feira
2018-08-24;sexta-feira
2018-08-27;segunda-feira
2018-08-28;terca-feira
2018-08-29;quarta-feira
2018-08-30;quinta-feira
2018-08-31;sexta-feira
2018-09-03;segunda-feira
2018-09-04;terca-feira
2018-09-05;quarta-feira
2018-09-06;quinta-feira
2018-09-07;sexta-feira
2018-09-10;segunda-feira
2018-09-11;terca-feira
2018-09-12;quarta-feira
2018-09-13;quinta-feira
2018-09-14;sexta-feira
2018-09-17;segunda-feira
2018-09-18;terca-feira
2018-09-19;quarta-feira
2018-09-20;quinta-feira
2018-09-21;sexta-feira
2018-09-24;segunda-feira
2018-09-25;terca-feira
2018-09-26;quarta-feira
2018-09-27;quinta-feira
2018-09-28;sexta-feira
2018-10-01;segunda-feira
2018-10-02;terca-feira
2018-10-03;quarta-feira
2018-10-04;quinta-feira
2018-10-05;sexta-feira
2018-10-08;segunda-feira
2018-10-09;terca-feira
2018-10-10;quarta-feira
2018-10-11;quinta-feira
2018-10-12;sexta-feira
2018-10-15;segunda-feira
2018-10-16;terca-feira
2018-10-17;quarta-feira
2018-10-18;quinta-feira
2018-10-19;sexta-feira
2018-10-22;segunda-feira
2018-10-23;terca-feira
2018-10-24;quarta-feira
2018-10-25;quinta-feira
2018-10-26;sexta-feira
2018-10-29;segunda-feira
2018-10-30;terca-feira
2018-10-31;quarta-feira
2018-11-01;quinta-feira
2018-11-02;sexta-feira
2018-11-05;segunda-feira
2018-11-06;terca-feira
2018-11-07;quarta-feira
2018-11-08;quinta-feira
2018-11-09;sexta-feira
2018-11-12;segunda-feira
2018-11-13;terca-feira
2018-11-14;quarta-feira
2018-11-15;quinta-feira
2018-11-16;sexta-feira
2018-11-19;segunda-feira
2018-11-20;terca-feira
2018-11-21;quarta-feira
2018-11-22;quinta-feira
2018-11-23;sexta-feira
2018-11-26;segunda-feira
2018-11-27;terca-feira
2018-11-28;quarta-feira
2018-11-29;quinta-feira
2018-11-30;sexta-feira
2018-12-03;segunda-feira
2018-12-04;terca-feira
2018-12-05;quarta-feira
2018-12-06;quinta-feira
2018-12-07;sexta-feira
2018-12-10;segunda-feira
2018-12-11;terca-feira
2018-12-12;quarta-feira
2018-12-13;quinta-feira
2018-12-14;sexta-feira
2018-12-17;segunda-feira
2018-12-18;terca-feira
2018-12-19;quarta-feira
2018-12-20;quinta-feira
2018-12-21;sexta-feira
2018-12-24;segunda-feira
2018-12-25;terca-feira
2018-12-26;quarta-feira
2018-12-27;quinta-feira
2018-12-28;sexta-feira
2018-12-31;segunda-feira
2019-01-01;terca-feira
2019-01-02;quarta-feira
2019-01-03;quinta-feira
2019-01-04;sexta-feira
2019-01-07;segunda-feira
2019-01-08;terca-feira
2019-01-09;quarta-feira
2019-01-10;quinta-feira
2019-01-11;sexta-feira
2019-01-14;segunda-feira
2019-01-15;terca-feira
2019-01-16;quarta-feira
2019-01-17;quinta-feira
2019-01-18;sexta-feira
2019-01-21;segunda-feira
2019-01-22;terca-feira
2019-01-23;quarta-feira
2019-01-24;quinta-feira
2019-01-25;sexta-feira
2019-01-28;segunda-feira
2019-01-29;terca-feira
2019-01-30;quarta-feira
2019-01-31;quinta-feira
2019-02-01;sexta-feira
2019-02-04;segunda-feira
2019-02-05;terca-feira
2019-02-06;quarta-feira
2019-02-07;quinta-feira
2019-02-08;sexta-feira
2019-02-11;segunda-feira
2019-02-12;terca-feira
2019-02-13;quarta-feira
2019-02-14;quinta-feira
2019-02-15;sexta-feira
2019-02-18;segunda-feira
2019-02-19;terca-feira
2019-02-20;quarta-feira
2019-02-21;quinta-feira
2019-02-22;sexta-feira
2019-02-25;segunda-feira
2019-02-26;terca-feira
2019-02-27;quarta-feira
2019-02-28;quinta-feira
2019-03-01;sexta-feira
2019-03-04;segunda-feira
2019-03-05;terca-feira
2019-03-06;quarta-feira
2019-03-07;quinta-feira
2019-03-08;sexta-feira
2019-03-11;segunda-feira
2019-03-12;terca-feira
2019-03-13;quarta-feira
2019-03-14;quinta-feira
2019-03-15;sexta-feira
2019-03-18;segunda-feira
2019-03-19;terca-feira
2019-03-20;quarta-feira
2019-03-21;quinta-feira
2019-03-22;sexta-feira
2019-03-25;segunda-feira
2019-03-26;terca-feira
2019-03-27;quarta-feira
2019-03-28;quinta-feira
2019-03-29;sexta-feira
2019-04-01;segunda-feira
2019-04-02;terca-feira
2019-04-03;quarta-feira
2019-04-04;quinta-feira
2019-04-05;sexta-feira
2019-04-08;segunda-feira
2019-04-09;terca-feira
2019-04-10;quarta-feira
2019-04-11;quinta-feira
2019-04-12;sexta-feira
2019-04-15;segunda-feira
2019-04-16;terca-feira
2019-04-17;quarta-feira
2019-04-18;quinta-feira
2019-04-19;sexta-feira
2019-04-22;segunda-feira
2019-04-23;terca-feira
2019-04-24;quarta-feira
2019-04-25;quinta-feira
2019-04-26;sexta-feira
2019-04-29;segunda-feira
2019-04-30;terca-feira
2019-05-01;quarta-feira
2019-05-02;quinta-feira
2019-05-03;sexta-feira
2019-05-06;segunda-feira
2019-05-07;terca-feira
2019-05-08;quarta-feira
2019-05-09;quinta-feira
2019-05-10;sexta-feira
2019-05-13;segunda-feira
2019-05-14;terca-feira
2019-05-15;quarta-feira
2019-05-16;quinta-feira
2019-05-17;sexta-feira
2019-05-20;segunda-feira
2019-05-21;terca-feira
2019-05-22;quarta-feira
2019-05-23;quinta-feira
2019-05-24;sexta-feira
2019-05-27;segunda-feira
2019-05-28;terca-feira
2019-05-29;quarta-feira
2019-05-30;quinta-feira
2019-05-31;sexta-feira
2019-06-03;segunda-feira
2019-06-04;terca-feira
2019-06-05;quarta-feira
2019-06-06;quinta-feira
2019-06-07;sexta-feira
2019-06-10;segunda-feira
2019-06-11;terca-feira
2019-06-12;quarta-feira
2019-06-13;quinta-feira
2019-06-14;sexta-feira
2019-06-17;segunda-feira
2019-06-18;terca-feira
2019-06-19;quarta-feira
2019-06-20;quinta-feira
2019-06-21;sexta-feira
2019-06-24;segunda-feira
2019-06-25;terca-feira
2019-06-26;quarta-feira
2019-06-27;quinta-feira
2019-06-28;sexta-feira
2019-07-01;segunda-feira
2019-07-02;terca-feira
2019-07-03;quarta-feira
2019-07-04;quinta-feira
2019-07-05;sexta-feira
2019-07-08;segunda-feira
2019-07-09;terca-feira
2019-07-10;quarta-feira
2019-07-11;quinta-feira
2019-07-12;sexta-feira
2019-07-15;segunda-feira
2019-07-16;terca-feira
2019-07-17;quarta-feira
2019-07-18;quinta-feira
2019-07-19;sexta-feira
2019-07-22;segunda-feira
2019-07-23;terca-feira
2019-07-24;quarta-feira
2019-07-25;quinta-feira
2019-07-26;sexta-feira
2019-07-29;segunda-feira
2019-07-30;terca-feira
2019-07-31;quarta-feira
2019-08-01;quinta-feira
2019-08-02;sexta-feira
2019-08-05;segunda-feira
2019-08-06;terca-feira
2019-08-07;quarta-feira
2019-08-08;quinta-feira
2019-08-09;sexta-feira
2019-08-12;segunda-feira
2019-08-13;terca-feira
2019-08-14;quarta-feira
2019-08-15;quinta-feira
2019-08-16;sexta-feira
2019-08-19;segunda-feira
2019-08-20;terca-feira
2019-08-21;quarta-feira
2019-08-22;quinta-feira
2019-08-23;sexta-feira
2019-08-26;segunda-feira
2019-08-27;terca-feira
2019-08-28;quarta-feira
2019-08-29;quinta-feira
2019-08-30;sexta-feira
2019-09-02;segunda-feira
2019-09-03;terca-feira
2019-09-04;quarta-feira
2019-09-05;quinta-feira
2019-09-06;sexta-feira
2019-09-09;segunda-feira
2019-09-10;terca-feira
2019-09-11;quarta-feira
2019-09-12;quinta-feira
2019-09-13;sexta-feira
2019-09-16;segunda-feira
2019-09-17;terca-feira
2019-09-18;quarta-feira
2019-09-19;quinta-feira
2019-09-20;sexta-feira
2019-09-23;segunda-feira
2019-09-24;terca-feira
2019-09-25;quarta-feira
2019-09-26;quinta-feira
2019-09-27;sexta-feira
2019-09-30;segunda-feira
2019-10-01;terca-feira
2019-10-02;quarta-feira
2019-10-03;quinta-feira
2019-10-04;sexta-feira
2019-10-07;segunda-feira
2019-10-08;terca-feira
2019-10-09;quarta-feira
2019-10-10;quinta-feira
2019-10-11;sexta-feira
2019-10-14;segunda-feira
2019-10-15;terca-feira
2019-10-16;quarta-feira
2019-10-17;quinta-feira
2019-10-18;sexta-feira
2019-10-21;segunda-feira
2019-10-22;terca-feira
2019-10-23;quarta-feira
2019-10-24;quinta-feira
2019-10-25;sexta-feira
2019-10-28;segunda-feira
2019-10-29;terca-feira
2019-10-30;quarta-feira
2019-10-31;quinta-feira
2019-11-01;sexta-feira
2019-11-04;segunda-feira
2019-11-05;terca-feira
2019-11-06;quarta-feira
2019-11-07;quinta-feira
2019-11-08;sexta-feira
2019-11-11;segunda-feira
2019-11-12;terca-feira
2019-11-13;quarta-feira
2019-11-14;quinta-feira
2019-11-15;sexta-feira
2019-11-18;segunda-feira
2019-11-19;terca-feira
2019-11-20;quarta-feira
2019-11-21;quinta-feira
2019-11-22;sexta-feira
2019-11-25;segunda-feira
2019-11-26;terca-feira
2019-11-27;quarta-feira
2019-11-28;quinta-feira
2019-11-29;sexta-feira
2019-12-02;segunda-feira
2019-12-03;terca-feira
2019-12-04;quarta-feira
2019-12-05;quinta-feira
2019-12-06;sexta-feira
2019-12-09;segunda-feira
2019-12-10;terca-feira
2019-12-11;quarta-feira
2019-12-12;quinta-feira
2019-12-13;sexta-feira
2019-12-16;segunda-feira
2019-12-17;terca-feira
2019-12-18;quarta-feira
2019-12-19;quinta-feira
2019-12-20;sexta-feira
2019-12-23;segunda-feira
2019-12-24;terca-feira
2019-12-25;quarta-feira
2019-12-26;quinta-feira
2019-12-27;sexta-feira
2019-12-30;segunda-feira
2019-12-31;terca-feira
2020-01-01;quarta-feira
2020-01-02;quinta-feira
2020-01-03;sexta-feira
2020-01-06;segunda-feira
2020-01-07;terca-feira
2020-01-08;quarta-feira
2020-01-09;quinta-feira
2020-01-10;sexta-feira
2020-01-13;segunda-feira
2020-01-14;terca-feira
2020-01-15;quarta-feira
2020-01-16;quinta-feira
2020-01-17;sexta-feira
2020-01-20;segunda-feira
2020-01-21;terca-feira
2020-01-22;quarta-feira
2020-01-23;quinta-feira
2020-01-24;sexta-feira
2020-01-27;segunda-feira
2020-01-28;terca-feira
2020-01-29;quarta-feira
2020-01-30;quinta-feira
2020-01-31;sexta-feira
2020-02-03;segunda-feira
2020-02-04;terca-feira
2020-02-05;quarta-feira
2020-02-06;quinta-feira
2020-02-07;sexta-feira
2020-02-10;segunda-feira
2020-02-11;terca-feira
2020-02-12;quarta-feira
2020-02-13;quinta-feira
2020-02-14;sexta-feira
2020-02-17;segunda-feira
2020-02-18;terca-feira
2020-02-19;quarta-feira
2020-02-20;quinta-feira
2020-02-21;sexta-feira
2020-02-24;segunda-feira
2020-02-25;terca-feira
2020-02-26;quarta-feira
2020-02-27;quinta-feira
2020-02-28;sexta-feira
2020-03-02;segunda-feira
2020-03-03;terca-feira
2020-03-04;quarta-feira
2020-03-05;quinta-feira
2020-03-06;sexta-feira
2020-03-09;segunda-feira
2020-03-10;terca-feira
2020-03-11;quarta-feira
2020-03-12;quinta-feira
2020-03-13;sexta-feira
2020-03-16;segunda-feira
2020-03-17;terca-feira
2020-03-18;quarta-feira
2020-03-19;quinta-feira
2020-03-20;sexta-feira
2020-03-23;segunda-feira
2020-03-24;terca-feira
2020-03-25;quarta-feira
2020-03-26;quinta-feira
2020-03-27;sexta-feira
2020-03-30;segunda-feira
2020-03-31;terca-feira
2020-04-01;quarta-feira
2020-04-02;quinta-feira
2020-04-03;sexta-feira
2020-04-06;segunda-feira
2020-04-07;terca-feira
2020-04-08;quarta-feira
2020-04-09;quinta-feira
2020-04-10;sexta-feira
2020-04-13;segunda-feira
2020-04-14;terca-feira
2020-04-15;quarta-feira
2020-04-16;quinta-feira
2020-04-17;sexta-feira
2020-04-20;segunda-feira
2020-04-21;terca-feira
2020-04-22;quarta-feira
2020-04-23;quinta-feira
2020-04-24;sexta-feira
2020-04-27;segunda-feira
2020-04-28;terca-feira
2020-04-29;quarta-feira
2020-04-30;quinta-feira
2020-05-01;sexta-feira
2020-05-04;segunda-feira
2020-05-05;terca-feira
2020-05-06;quarta-feira
2020-05-07;quinta-feira
2020-05-08;sexta-feira
2020-05-11;segunda-feira
2020-05-12;terca-feira
2020-05-13;quarta-feira
2020-05-14;quinta-feira
2020-05-15;sexta-feira
2020-05-18;segunda-feira
2020-05-19;terca-feira
2020-05-20;quarta-feira
2020-05-21;quinta-feira
2020-05-22;sexta-feira
2020-05-25;segunda-feira
2020-05-26;terca-feira
2020-05-27;quarta-feira
2020-05-28;quinta-feira
2020-05-29;sexta-feira
2020-06-01;segunda-feira
2020-06-02;terca-feira
2020-06-03;quarta-feira
2020-06-04;quinta-feira
2020-06-05;sexta-feira
2020-06-08;segunda-feira
2020-06-09;terca-feira
2020-06-10;quarta-feira
2020-06-11;quinta-feira
2020-06-12;sexta-feira
2020-06-15;segunda-feira
2020-06-16;terca-feira
2020-06-17;quarta-feira
2020-06-18;quinta-feira
2020-06-19;sexta-feira
2020-06-22;segunda-feira
2020-06-23;terca-feira
2020-06-24;quarta-feira
2020-06-25;quinta-feira
2020-06-26;sexta-feira
2020-06-29;segunda-feira
2020-06-30;terca-feira
2020-07-01;quarta-feira
2020-07-02;quinta-feira
2020-07-03;sexta-feira
2020-07-06;segunda-feira
2020-07-07;terca-feira
2020-07-08;quarta-feira
2020-07-09;quinta-feira
2020-07-10;sexta-feira
2020-07-13;segunda-feira
2020-07-14;terca-feira
2020-07-15;quarta-feira
2020-07-16;quinta-feira
2020-07-17;sexta-feira
2020-07-20;segunda-feira
2020-07-21;terca-feira
2020-07-22;quarta-feira
2020-07-23;quinta-feira
2020-07-24;sexta-feira
2020-07-27;segunda-feira
2020-07-28;terca-feira
2020-07-29;quarta-feira
2020-07-30;quinta-feira
2020-07-31;sexta-feira
2020-08-03;segunda-feira
2020-08-04;terca-feira
2020-08-05;quarta-feira
2020-08-06;quinta-feira
2020-08-07;sexta-feira
2020-08-10;segunda-feira
2020-08-11;terca-feira
2020-08-12;quarta-feira
2020-08-13;quinta-feira
2020-08-14;sexta-feira
2020-08-17;segunda-feira
2020-08-18;terca-feira
2020-08-19;quarta-feira
2020-08-20;quinta-feira
2020-08-21;sexta-feira
2020-08-24;segunda-feira
2020-08-25;terca-feira
2020-08-26;quarta-feira
2020-08-27;quinta-feira
2020-08-28;sexta-feira
2020-08-31;segunda-feira
2020-09-01;terca-feira
2020-09-02;quarta-feira
2020-09-03;quinta-feira
2020-09-04;sexta-feira
2020-09-07;segunda-feira
2020-09-08;terca-feira
2020-09-09;quarta-feira
2020-09-10;quinta-feira
2020-09-11;sexta-feira
2020-09-14;segunda-feira
2020-09-15;terca-feira
2020-09-16;quarta-feira
2020-09-17;quinta-feira
2020-09-18;sexta-feira
2020-09-21;segunda-feira
2020-09-22;terca-feira
2020-09-23;quarta-feira
2020-09-24;quinta-feira
2020-09-25;sexta-feira
2020-09-28;segunda-feira
2020-09-29;terca-feira
2020-09-30;quarta-feira
2020-10-01;quinta-feira
2020-10-02;sexta-feira
2020-10-05;segunda-feira
2020-10-06;terca-feira
2020-10-07;quarta-feira
2020-10-08;quinta-feira
2020-10-09;sexta-feira
2020-10-12;segunda-feira
2020-10-13;terca-feira
2020-10-14;quarta-feira
2020-10-15;quinta-feira
2020-10-16;sexta-feira
2020-10-19;segunda-feira
2020-10-20;terca-feira
2020-10-21;quarta-feira
2020-10-22;quinta-feira
2020-10-23;sexta-feira
2020-10-26;segunda-feira
2020-10-27;terca-feira
2020-10-28;quarta-feira
2020-10-29;quinta-feira
2020-10-30;sexta-feira
2020-11-02;segunda-feira
2020-11-03;terca-feira
2020-11-04;quarta-feira
2020-11-05;quinta-feira
2020-11-06;sexta-feira
2020-11-09;segunda-feira
2020-11-10;terca-feira
2020-11-11;quarta-feira
2020-11-12;quinta-feira
2020-11-13;sexta-feira
2020-11-16;segunda-feira
2020-11-17;terca-feira
2020-11-18;quarta-feira
2020-11-19;quinta-feira
2020-11-20;sexta-feira
2020-11-23;segunda-feira
2020-11-24;terca-feira
2020-11-25;quarta-feira
2020-11-26;quinta-feira
2020-11-27;sexta-feira
2020-11-30;segunda-feira
2020-12-01;terca-feira
2020-12-02;quarta-feira
2020-12-03;quinta-feira
2020-12-04;sexta-feira
2020-12-07;segunda-feira
2020-12-08;terca-feira
2020-12-09;quarta-feira
2020-12-10;quinta-feira
2020-12-11;sexta-feira
2020-12-14;segunda-feira
2020-12-15;terca-feira
2020-12-16;quarta-feira
2020-12-17;quinta-feira
2020-12-18;sexta-feira
2020-12-21;segunda-feira
2020-12-22;terca-feira
2020-12-23;quarta-feira
2020-12-24;quinta-feira
2020-12-25;sexta-feira
2020-12-28;segunda-feira
2020-12-29;terca-feira
2020-12-30;quarta-feira
2020-12-31;quinta-feira
2021-01-01;sexta-feira
2021-01-04;segunda-feira
2021-01-05;terca-feira
2021-01-06;quarta-feira
2021-01-07;quinta-feira
2021-01-08;sexta-feira
2021-01-11;segunda-feira
2021-01-12;terca-feira
2021-01-13;quarta-feira
2021-01-14;quinta-feira
2021-01-15;sexta-feira
2021-01-18;segunda-feira
2021-01-19;terca-feira
2021-01-20;quarta-feira
2021-01-21;quinta-feira
2021-01-22;sexta-feira
2021-01-25;segunda-feira
2021-01-26;terca-feira
2021-01-27;quarta-feira
2021-01-28;quinta-feira
2021-01-29;sexta-feira
2021-02-01;segunda-feira
2021-02-02;terca-feira
2021-02-03;quarta-feira
2021-02-04;quinta-feira
2021-02-05;sexta-feira
2021-02-08;segunda-feira
2021-02-09;terca-feira
2021-02-10;quarta-feira
2021-02-11;quinta-feira
2021-02-12;sexta-feira
2021-02-15;segunda-feira
2021-02-16;terca-feira
2021-02-17;quarta-feira
2021-02-18;quinta-feira
2021-02-19;sexta-feira
2021-02-22;segunda-feira
2021-02-23;terca-feira
2021-02-24;quarta-feira
2021-02-25;quinta-feira
2021-02-26;sexta-feira
2021-03-01;segunda-feira
2021-03-02;terca-feira
2021-03-03;quarta-feira
2021-03-04;quinta-feira
2021-03-05;sexta-feira
2021-03-08;segunda-feira
2021-03-09;terca-feira
2021-03-10;quarta-feira
2021-03-11;quinta-feira
2021-03-12;sexta-feira
2021-03-15;segunda-feira
2021-03-16;terca-feira
2021-03-17;quarta-feira
2021-03-18;quinta-feira
2021-03-19;sexta-feira
2021-03-22;segunda-feira
2021-03-23;terca-feira
2021-03-24;quarta-feira
2021-03-25;quinta-feira
2021-03-26;sexta-feira
2021-03-29;segunda-feira
2021-03-30;terca-feira
2021-03-31;quarta-feira
2021-04-01;quinta-feira
2021-04-02;sexta-feira
2021-04-05;segunda-feira
2021-04-06;terca-feira
2021-04-07;quarta-feira
2021-04-08;quinta-feira
2021-04-09;sexta-feira
2021-04-12;segunda-feira
2021-04-13;terca-feira
2021-04-14;quarta-feira
2021-04-15;quinta-feira
2021-04-16;sexta-feira
2021-04-19;segunda-feira
2021-04-20;terca-feira
2021-04-21;quarta-feira
2021-04-22;quinta-feira
2021-04-23;sexta-feira
2021-04-26;segunda-feira
2021-04-27;terca-feira
2021-04-28;quarta-feira
2021-04-29;quinta-feira
2021-04-30;sexta-feira
2021-05-03;segunda-feira
2021-05-04;terca-feira
2021-05-05;quarta-feira
2021-05-06;quinta-feira
2021-05-07;sexta-feira
2021-05-10;segunda-feira
2021-05-11;terca-feira
2021-05-12;quarta-feira
2021-05-13;quinta-feira
2021-05-14;sexta-feira
2021-05-17;segunda-feira
2021-05-18;terca-feira
2021-05-19;quarta-feira
2021-05-20;quinta-feira
2021-05-21;sexta-feira
2021-05-24;segunda-feira
2021-05-25;terca-feira
2021-05-26;quarta-feira
2021-05-27;quinta-feira
2021-05-28;sexta-feira
2021-05-31;segunda-feira
2021-06-01;terca-feira
2021-06-02;quarta-feira
2021-06-03;quinta-feira
2021-06-04;sexta-feira
2021-06-07;segunda-feira
2021-06-08;terca-feira
2021-06-09;quarta-feira
2021-06-10;quinta-feira
2021-06-11;sexta-feira
2021-06-14;segunda-feira
2021-06-15;terca-feira
2021-06-16;quarta-feira
2021-06-17;quinta-feira
2021-06-18;sexta-feira
2021-06-21;segunda-feira
2021-06-22;terca-feira
2021-06-23;quarta-feira
2021-06-24;quinta-feira
2021-06-25;sexta-feira
2021-06-28;segunda-feira
2021-06-29;terca-feira
2021-06-30;quarta-feira
2021-07-01;quinta-feira
2021-07-02;sexta-feira
2021-07-05;segunda-feira
2021-07-06;terca-feira
2021-07-07;quarta-feira
2021-07-08;quinta-feira
2021-07-09;sexta-feira
2021-07-12;segunda-feira
2021-07-13;terca-feira
2021-07-14;quarta-feira
2021-07-15;quinta-feira
2021-07-16;sexta-feira
2021-07-19;segunda-feira
2021-07-20;terca-feira
2021-07-21;quarta-feira
2021-07-22;quinta-feira
2021-07-23;sexta-feira
2021-07-26;segunda-feira
2021-07-27;terca-feira
2021-07-28;quarta-feira
2021-07-29;quinta-feira
2021-07-30;sexta-feira
2021-08-02;segunda-feira
2021-08-03;terca-feira
2021-08-04;quarta-feira
2021-08-05;quinta-feira
2021-08-06;sexta-feira
2021-08-09;segunda-feira
2021-08-10;terca-feira
2021-08-11;quarta-feira
2021-08-12;quinta-feira
2021-08-13;sexta-feira
2021-08-16;segunda-feira
2021-08-17;terca-feira
2021-08-18;quarta-feira
2021-08-19;quinta-feira
2021-08-20;sexta-feira
2021-08-23;segunda-feira
2021-08-24;terca-feira
2021-08-25;quarta-feira
2021-08-26;quinta-feira
2021-08-27;sexta-feira
2021-08-30;segunda-feira
2021-08-31;terca-feira
2021-09-01;quarta-feira
2021-09-02;quinta-feira
2021-09-03;sexta-feira
2021-09-06;segunda-feira
2021-09-07;terca-feira
2021-09-08;quarta-feira
2021-09-09;quinta-feira
2021-09-10;sexta-feira
2021-09-13;segunda-feira
2021-09-14;terca-feira
2021-09-15;quarta-feira
2021-09-16;quinta-feira
2021-09-17;sexta-feira
2021-09-20;segunda-feira
2021-09-21;terca-feira
2021-09-22;quarta-feira
2021-09-23;quinta-feira
2021-09-24;sexta-feira
2021-09-27;segunda-feira
2021-09-28;terca-feira
2021-09-29;quarta-feira
2021-09-30;quinta-feira
2021-10-01;sexta-feira
2021-10-04;segunda-feira
2021-10-05;terca-feira
2021-10-06;quarta-feira
2021-10-07;quinta-feira
2021-10-08;sexta-feira
2021-10-11;segunda-feira
2021-10-12;terca-feira
2021-10-13;quarta-feira
2021-10-14;quinta-feira
2021-10-15;sexta-feira
2021-10-18;segunda-feira
2021-10-19;terca-feira
2021-10-20;quarta-feira
2021-10-21;quinta-feira
2021-10-22;sexta-feira
2021-10-25;segunda-feira
2021-10-26;terca-feira
2021-10-27;quarta-feira
2021-10-28;quinta-feira
2021-10-29;sexta-feira
2021-11-01;segunda-feira
2021-11-02;terca-feira
2021-11-03;quarta-feira
2021-11-04;quinta-feira
2021-11-05;sexta-feira
2021-11-08;segunda-feira
2021-11-09;terca-feira
2021-11-10;quarta-feira
2021-11-11;quinta-feira
2021-11-12;sexta-feira
2021-11-15;segunda-feira
2021-11-16;terca-feira
2021-11-17;quarta-feira
2021-11-18;quinta-feira
2021-11-19;sexta-feira
2021-11-22;segunda-feira
2021-11-23;terca-feira
2021-11-24;quarta-feira
2021-11-25;quinta-feira
2021-11-26;sexta-feira
2021-11-29;segunda-feira
2021-11-30;terca-feira
2021-12-01;quarta-feira
2021-12-02;quinta-feira
2021-12-03;sexta-feira
2021-12-06;segunda-feira
2021-12-07;terca-feira
2021-12-08;quarta-feira
2021-12-09;quinta-feira
2021-12-10;sexta-feira
2021-12-13;segunda-feira
2021-12-14;terca-feira
2021-12-15;quarta-feira
2021-12-16;quinta-feira
2021-12-17;sexta-feira
2021-12-20;segunda-feira
2021-12-21;terca-feira
2021-12-22;quarta-feira
2021-12-23;quinta-feira
2021-12-24;sexta-feira
2021-12-27;segunda-feira
2021-12-28;terca-feira
2021-12-29;quarta-feira
2021-12-30;quinta-feira
2021-12-31;sexta-feira
2022-01-03;segunda-feira
2022-01-04;terca-feira
2022-01-05;quarta-feira
2022-01-06;quinta-feira
2022-01-07;sexta-feira
2022-01-10;segunda-feira
2022-01-11;terca-feira
2022-01-12;quarta-feira
2022-01-13;quinta-feira
2022-01-14;sexta-feira
2022-01-17;segunda-feira
2022-01-18;terca-feira
2022-01-19;quarta-feira
2022-01-20;quinta-feira
2022-01-21;sexta-feira
2022-01-24;segunda-feira
2022-01-25;terca-feira
2022-01-26;quarta-feira
2022-01-27;quinta-feira
2022-01-28;sexta-feira
2022-01-31;segunda-feira
2022-02-01;terca-feira
2022-02-02;quarta-feira
2022-02-03;quinta-feira
2022-02-04;sexta-feira
2022-02-07;segunda-feira
2022-02-08;terca-feira
2022-02-09;quarta-feira
2022-02-10;quinta-feira
2022-02-11;sexta-feira
2022-02-14;segunda-feira
2022-02-15;terca-feira
2022-02-16;quarta-feira
2022-02-17;quinta-feira
2022-02-18;sexta-feira
2022-02-21;segunda-feira
2022-02-22;terca-feira
2022-02-23;quarta-feira
2022-02-24;quinta-feira
2022-02-25;sexta-feira
2022-02-28;segunda-feira
2022-03-01;terca-feira
2022-03-02;quarta-feira
2022-03-03;quinta-feira
2022-03-04;sexta-feira
2022-03-07;segunda-feira
2022-03-08;terca-feira
2022-03-09;quarta-feira
2022-03-10;quinta-feira
2022-03-11;sexta-feira
2022-03-14;segunda-feira
2022-03-15;terca-feira
2022-03-16;quarta-feira
2022-03-17;quinta-feira
2022-03-18;sexta-feira
2022-03-21;segunda-feira
2022-03-22;terca-feira
2022-03-23;quarta-feira
2022-03-24;quinta-feira
2022-03-25;sexta-feira
2022-03-28;segunda-feira
2022-03-29;terca-feira
2022-03-30;quarta-feira
2022-03-31;quinta-feira
2022-04-01;sexta-feira
2022-04-04;segunda-feira
2022-04-05;terca-feira
2022-04-06;quarta-feira
2022-04-07;quinta-feira
2022-04-08;sexta-feira
2022-04-11;segunda-feira
2022-04-12;terca-feira
2022-04-13;quarta-feira
2022-04-14;quinta-feira
2022-04-15;sexta-feira
2022-04-18;segunda-feira
2022-04-19;terca-feira
2022-04-20;quarta-feira
2022-04-21;quinta-feira
2022-04-22;sexta-feira
2022-04-25;segunda-feira
2022-04-26;terca-feira
2022-04-27;quarta-feira
2022-04-28;quinta-feira
2022-04-29;sexta-feira
2022-05-02;segunda-feira
2022-05-03;terca-feira
2022-05-04;quarta-feira
2022-05-05;quinta-feira
2022-05-06;sexta-feira
2022-05-09;segunda-feira
2022-05-10;terca-feira
2022-05-11;quarta-feira
2022-05-12;quinta-feira
2022-05-13;sexta-feira
2022-05-16;segunda-feira
2022-05-17;terca-feira
2022-05-18;quarta-feira
2022-05-19;quinta-feira
2022-05-20;sexta-feira
2022-05-23;segunda-feira
2022-05-24;terca-feira
2022-05-25;quarta-feira
2022-05-26;quinta-feira
2022-05-27;sexta-feira
2022-05-30;segunda-feira
2022-05-31;terca-feira
2022-06-01;quarta-feira
2022-06-02;quinta-feira
2022-06-03;sexta-feira
2022-06-06;segunda-feira
2022-06-07;terca-feira
2022-06-08;quarta-feira
2022-06-09;quinta-feira
2022-06-10;sexta-feira
2022-06-13;segunda-feira
2022-06-14;terca-feira
2022-06-15;quarta-feira
2022-06-16;quinta-feira
2022-06-17;sexta-feira
2022-06-20;segunda-feira
2022-06-21;terca-feira
2022-06-22;quarta-feira
2022-06-23;quinta-feira
2022-06-24;sexta-feira
2022-06-27;segunda-feira
2022-06-28;terca-feira
2022-06-29;quarta-feira
2022-06-30;quinta-feira
2022-07-01;sexta-feira
2022-07-04;segunda-feira
2022-07-05;terca-feira
2022-07-06;quarta-feira
2022-07-07;quinta-feira
2022-07-08;sexta-feira
2022-07-11;segunda-feira
2022-07-12;terca-feira
2022-07-13;quarta-feira
2022-07-14;quinta-feira
2022-07-15;sexta-feira
2022-07-18;segunda-feira
2022-07-19;terca-feira
2022-07-20;quarta-feira
2022-07-21;quinta-feira
2022-07-22;sexta-feira
2022-07-25;segunda-feira
2022-07-26;terca-feira
2022-07-27;quarta-feira
2022-07-28;quinta-feira
2022-07-29;sexta-feira
2022-08-01;segunda-feira
2022-08-02;terca-feira
2022-08-03;quarta-feira
2022-08-04;quinta-feira
2022-08-05;sexta-feira
2022-08-08;segunda-feira
2022-08-09;terca-feira
2022-08-10;quarta-feira
2022-08-11;quinta-feira
2022-08-12;sexta-feira
2022-08-15;segunda-feira
2022-08-16;terca-feira
2022-08-17;quarta-feira
2022-08-18;quinta-feira
2022-08-19;sexta-feira
2022-08-22;segunda-feira
2022-08-23;terca-feira
2022-08-24;quarta-feira
2022-08-25;quinta-feira
2022-08-26;sexta-feira
2022-08-29;segunda-feira
2022-08-30;terca-feira
2022-08-31;quarta-feira
2022-09-01;quinta-feira
2022-09-02;sexta-feira
2022-09-05;segunda-feira
2022-09-06;terca-feira
2022-09-07;quarta-feira
2022-09-08;quinta-feira
2022-09-09;sexta-feira
2022-09-12;segunda-feira
2022-09-13;terca-feira
2022-09-14;quarta-feira
2022-09-15;quinta-feira
2022-09-16;sexta-feira
2022-09-19;segunda-feira
2022-09-20;terca-feira
2022-09-21;quarta-feira
2022-09-22;quinta-feira
2022-09-23;sexta-feira
2022-09-26;segunda-feira
2022-09-27;terca-feira
2022-09-28;quarta-feira
2022-09-29;quinta-feira
2022-09-30;sexta-feira
2022-10-03;segunda-feira
2022-10-04;terca-feira
2022-10-05;quarta-feira
2022-10-06;quinta-feira
2022-10-07;sexta-feira
2022-10-10;segunda-feira
2022-10-11;terca-feira
2022-10-12;quarta-feira
2022-10-13;quinta-feira
2022-10-14;sexta-feira
2022-10-17;segunda-feira
2022-10-18;terca-feira
2022-10-19;quarta-feira
2022-10-20;quinta-feira
2022-10-21;sexta-feira
2022-10-24;segunda-feira
2022-10-25;terca-feira
2022-10-26;quarta-feira
2022-10-27;quinta-feira
2022-10-28;sexta-feira
2022-10-31;segunda-feira
2022-11-01;terca-feira
2022-11-02;quarta-feira
2022-11-03;quinta-feira
2022-11-04;sexta-feira
2022-11-07;segunda-feira
2022-11-08;terca-feira
2022-11-09;quarta-feira
2022-11-10;quinta-feira
2022-11-11;sexta-feira
2022-11-14;segunda-feira
2022-11-15;terca-feira
2022-11-16;quarta-feira
2022-11-17;quinta-feira
2022-11-18;sexta-feira
2022-11-21;segunda-feira
2022-11-22;terca-feira
2022-11-23;quarta-feira
2022-11-24;quinta-feira
2022-11-25;sexta-feira
2022-11-28;segunda-feira
2022-11-29;terca-feira
2022-11-30;quarta-feira
2022-12-01;quinta-feira
2022-12-02;sexta-feira
2022-12-05;segunda-feira
2022-12-06;terca-feira
2022-12-07;quarta-feira
2022-12-08;quinta-feira
2022-12-09;sexta-feira
2022-12-12;segunda-feira
2022-12-13;terca-feira
2022-12-14;quarta-feira
2022-12-15;quinta-feira
2022-12-16;sexta-feira
2022-12-19;segunda-feira
2022-12-20;terca-feira
2022-12-21;quarta-feira
2022-12-22;quinta-feira
2022-12-23;sexta-feira
2022-12-26;segunda-feira
2022-12-27;terca-feira
2022-12-28;quarta-feira
2022-12-29;quinta-feira
2022-12-30;sexta-feira
2023-01-02;segunda-feira
2023-01-03;terca-feira
2023-01-04;quarta-feira
2023-01-05;quinta-feira
2023-01-06;sexta-feira
2023-01-09;segunda-feira
2023-01-10;terca-feira
2023-01-11;quarta-feira
2023-01-12;quinta-feira
2023-01-13;sexta-feira
2023-01-16;segunda-feira
2023-01-17;terca-feira
2023-01-18;quarta-feira
2023-01-19;quinta-feira
2023-01-20;sexta-feira
2023-01-23;segunda-feira
2023-01-24;terca-feira
2023-01-25;quarta-feira
2023-01-26;quinta-feira
2023-01-27;sexta-feira
2023-01-30;segunda-feira
2023-01-31;terca-feira
2023-02-01;quarta-feira
2023-02-02;quinta-feira
2023-02-03;sexta-feira
2023-02-06;segunda-feira
2023-02-07;terca-feira
2023-02-08;quarta-feira
2023-02-09;quinta-feira
2023-02-10;sexta-feira
2023-02-13;segunda-feira
2023-02-14;terca-feira
2023-02-15;quarta-feira
2023-02-16;quinta-feira
2023-02-17;sexta-feira
2023-02-20;segunda-feira
2023-02-21;terca-feira
2023-02-22;quarta-feira
2023-02-23;quinta-feira
2023-02-24;sexta-feira
2023-02-27;segunda-feira
2023-02-28;terca-feira
2023-03-01;quarta-feira
2023-03-02;quinta-feira
2023-03-03;sexta-feira
2023-03-06;segunda-feira
2023-03-07;terca-feira
2023-03-08;quarta-feira
2023-03-09;quinta-feira
2023-03-10;sexta-feira
2023-03-13;segunda-feira
2023-03-14;terca-feira
2023-03-15;quarta-feira
2023-03-16;quinta-feira
2023-03-17;sexta-feira
2023-03-20;segunda-feira
2023-03-21;terca-feira
2023-03-22;quarta-feira
2023-03-23;quinta-feira
2023-03-24;sexta-feira
2023-03-27;segunda-feira
2023-03-28;terca-feira
2023-03-29;quarta-feira
2023-03-30;quinta-feira
2023-03-31;sexta-feira
2023-04-03;segunda-feira
2023-04-04;terca-feira
2023-04-05;quarta-feira
2023-04-06;quinta-feira
2023-04-07;sexta-feira
2023-04-10;segunda-feira
2023-04-11;terca-feira
2023-04-12;quarta-feira
2023-04-13;quinta-feira
2023-04-14;sexta-feira
2023-04-17;segunda-feira
2023-04-18;terca-feira
2023-04-19;quarta-feira
2023-04-20;quinta-feira
2023-04-21;sexta-feira
2023-04-24;segunda-feira
2023-04-25;terca-feira
2023-04-26;quarta-feira
2023-04-27;quinta-feira
2023-04-28;sexta-feira
2023-05-01;segunda-feira
2023-05-02;terca-feira
2023-05-03;quarta-feira
2023-05-04;quinta-feira
2023-05-05;sexta-feira
2023-05-08;segunda-feira
2023-05-09;terca-feira
2023-05-10;quarta-feira
2023-05-11;quinta-feira
2023-05-12;sexta-feira
2023-05-15;segunda-feira
2023-05-16;terca-feira
2023-05-17;quarta-feira
2023-05-18;quinta-feira
2023-05-19;sexta-feira
2023-05-22;segunda-feira
2023-05-23;terca-feira
2023-05-24;quarta-feira
2023-05-25;quinta-feira
2023-05-26;sexta-feira
2023-05-29;segunda-feira
2023-05-30;terca-feira
2023-05-31;quarta-feira
2023-06-01;quinta-feira
2023-06-02;sexta-feira
2023-06-05;segunda-feira
2023-06-06;terca-feira
2023-06-07;quarta-feira
2023-06-08;quinta-feira
2023-06-09;sexta-feira
2023-06-12;segunda-feira
2023-06-13;terca-feira
2023-06-14;quarta-feira
2023-06-15;quinta-feira
2023-06-16;sexta-feira
2023-06-19;segunda-feira
2023-06-20;terca-feira
2023-06-21;quarta-feira
2023-06-22;quinta-feira
2023-06-23;sexta-feira
2023-06-26;segunda-feira
2023-06-27;terca-feira
2023-06-28;quarta-feira
2023-06-29;quinta-feira
2023-06-30;sexta-feira
2023-07-03;segunda-feira
2023-07-04;terca-feira
2023-07-05;quarta-feira
2023-07-06;quinta-feira
2023-07-07;sexta-feira
2023-07-10;segunda-feira
2023-07-11;terca-feira
2023-07-12;quarta-feira
2023-07-13;quinta-feira
2023-07-14;sexta-feira
2023-07-17;segunda-feira
2023-07-18;terca-feira
2023-07-19;quarta-feira
2023-07-20;quinta-feira
2023-07-21;sexta-feira
2023-07-24;segunda-feira
2023-07-25;terca-feira
2023-07-26;quarta-feira
2023-07-27;quinta-feira
2023-07-28;sexta-feira
2023-07-31;segunda-feira
2023-08-01;terca-feira
2023-08-02;quarta-feira
2023-08-03;quinta-feira
2023-08-04;sexta-feira
2023-08-07;segunda-feira
2023-08-08;terca-feira
2023-08-09;quarta-feira
2023-08-10;quinta-feira
2023-08-11;sexta-feira
2023-08-14;segunda-feira
2023-08-15;terca-feira
2023-08-16;quarta-feira
2023-08-17;quinta-feira
2023-08-18;sexta-feira
2023-08-21;segunda-feira
2023-08-22;terca-feira
2023-08-23;quarta-feira
2023-08-24;quinta-feira
2023-08-25;sexta-feira
2023-08-28;segunda-feira
2023-08-29;terca-feira
2023-08-30;quarta-feira
2023-08-31;quinta-feira
2023-09-01;sexta-feira
2023-09-04;segunda-feira
2023-09-05;terca-feira
2023-09-06;quarta-feira
2023-09-07;quinta-feira
2023-09-08;sexta-feira
2023-09-11;segunda-feira
2023-09-12;terca-feira
2023-09-13;quarta-feira
2023-09-14;quinta-feira
2023-09-15;sexta-feira
2023-09-18;segunda-feira
2023-09-19;terca-feira
2023-09-20;quarta-feira
2023-09-21;quinta-feira
2023-09-22;sexta-feira
2023-09-25;segunda-feira
2023-09-26;terca-feira
2023-09-27;quarta-feira
2023-09-28;quinta-feira
2023-09-29;sexta-feira
2023-10-02;segunda-feira
2023-10-03;terca-feira
2023-10-04;quarta-feira
2023-10-05;quinta-feira
2023-10-06;sexta-feira
2023-10-09;segunda-feira
2023-10-10;terca-feira
2023-10-11;quarta-feira
2023-10-12;quinta-feira
2023-10-13;sexta-feira
2023-10-16;segunda-feira
2023-10-17;terca-feira
2023-10-18;quarta-feira
2023-10-19;quinta-feira
2023-10-20;sexta-feira
2023-10-23;segunda-feira
2023-10-24;terca-feira
2023-10-25;quarta-feira
2023-10-26;quinta-feira
2023-10-27;sexta-feira
2023-10-30;segunda-feira
2023-10-31;terca-feira
2023-11-01;quarta-feira
2023-11-02;quinta-feira
2023-11-03;sexta-feira
2023-11-06;segunda-feira
2023-11-07;terca-feira
2023-11-08;quarta-feira
2023-11-09;quinta-feira
2023-11-10;sexta-feira
2023-11-13;segunda-feira
2023-11-14;terca-feira
2023-11-15;quarta-feira
2023-11-16;quinta-feira
2023-11-17;sexta-feira
2023-11-20;segunda-feira
2023-11-21;terca-feira
2023-11-22;quarta-feira
2023-11-23;quinta-feira
2023-11-24;sexta-feira
2023-11-27;segunda-feira
2023-11-28;terca-feira
2023-11-29;quarta-feira
2023-11-30;quinta-feira
2023-12-01;sexta-feira
2023-12-04;segunda-feira
2023-12-05;terca-feira
2023-12-06;quarta-feira
2023-12-07;quinta-feira
2023-12-08;sexta-feira
2023-12-11;segunda-feira
2023-12-12;terca-feira
2023-12-13;quarta-feira
2023-12-14;quinta-feira
2023-12-15;sexta-feira
2023-12-18;segunda-feira
2023-12-19;terca-feira
2023-12-20;quarta-feira
2023-12-21;quinta-feira
2023-12-22;sexta-feira
2023-12-25;segunda-feira
2023-12-26;terca-feira
2023-12-27;quarta-feira
2023-12-28;quinta-feira
2023-12-29;sexta-feira
2024-01-01;segunda-feira
2024-01-02;terca-feira
2024-01-03;quarta-feira
2024-01-04;quinta-feira
2024-01-05;sexta-feira
2024-01-08;segunda-feira
2024-01-09;terca-feira
2024-01-10;quarta-feira
2024-01-11;quinta-feira
2024-01-12;sexta-feira
2024-01-15;segunda-feira
2024-01-16;terca-feira
2024-01-17;quarta-feira
2024-01-18;quinta-feira
2024-01-19;sexta-feira
2024-01-22;segunda-feira
2024-01-23;terca-feira
2024-01-24;quarta-feira
2024-01-25;quinta-feira
2024-01-26;sexta-feira
2024-01-29;segunda-feira
2024-01-30;terca-feira
2024-01-31;quarta-feira
2024-02-01;quinta-feira
2024-02-02;sexta-feira
2024-02-05;segunda-feira
2024-02-06;terca-feira
2024-02-07;quarta-feira
2024-02-08;quinta-feira
2024-02-09;sexta-feira
2024-02-12;segunda-feira
2024-02-13;terca-feira
2024-02-14;quarta-feira
2024-02-15;quinta-feira
2024-02-16;sexta-feira
2024-02-19;segunda-feira
2024-02-20;terca-feira
2024-02-21;quarta-feira
2024-02-22;quinta-feira
2024-02-23;sexta-feira
2024-02-26;segunda-feira
2024-02-27;terca-feira
2024-02-28;quarta-feira
2024-02-29;quinta-feira
2024-03-01;sexta-feira
2024-03-04;segunda-feira
2024-03-05;terca-feira
2024-03-06;quarta-feira
2024-03-07;quinta-feira
2024-03-08;sexta-feira
2024-03-11;segunda-feira
2024-03-12;terca-feira
2024-03-13;quarta-feira
2024-03-14;quinta-feira
2024-03-15;sexta-feira
2024-03-18;segunda-feira
2024-03-19;terca-feira
2024-03-20;quarta-feira
2024-03-21;quinta-feira
2024-03-22;sexta-feira
2024-03-25;segunda-feira
2024-03-26;terca-feira
2024-03-27;quarta-feira
2024-03-28;quinta-feira
2024-03-29;sexta-feira
2024-04-01;segunda-feira
2024-04-02;terca-feira
2024-04-03;quarta-feira
2024-04-04;quinta-feira
2024-04-05;sexta-feira
2024-04-08;segunda-feira
2024-04-09;terca-feira
2024-04-10;quarta-feira
2024-04-11;quinta-feira
2024-04-12;sexta-feira
2024-04-15;segunda-feira
2024-04-16;terca-feira
2024-04-17;quarta-feira
2024-04-18;quinta-feira
2024-04-19;sexta-feira
2024-04-22;segunda-feira
2024-04-23;terca-feira
2024-04-24;quarta-feira
2024-04-25;quinta-feira
2024-04-26;sexta-feira
2024-04-29;segunda-feira
2024-04-30;terca-feira
2024-05-01;quarta-feira
2024-05-02;quinta-feira
2024-05-03;sexta-feira
2024-05-06;segunda-feira
2024-05-07;terca-feira
2024-05-08;quarta-feira
2024-05-09;quinta-feira
2024-05-10;sexta-feira
2024-05-13;segunda-feira
2024-05-14;terca-feira
2024-05-15;quarta-feira
2024-05-16;quinta-feira
2024-05-17;sexta-feira
2024-05-20;segunda-feira
2024-05-21;terca-feira
2024-05-22;quarta-feira
2024-05-23;quinta-feira
2024-05-24;sexta-feira
2024-05-27;segunda-feira
2024-05-28;terca-feira
2024-05-29;quarta-feira
2024-05-30;quinta-feira
2024-05-31;sexta-feira
2024-06-03;segunda-feira
2024-06-04;terca-feira
2024-06-05;quarta-feira
2024-06-06;quinta-feira
2024-06-07;sexta-feira
2024-06-10;segunda-feira
2024-06-11;terca-feira
2024-06-12;quarta-feira
2024-06-13;quinta-feira
2024-06-14;sexta-feira
2024-06-17;segunda-feira
2024-06-18;terca-feira
2024-06-19;quarta-feira
2024-06-20;quinta-feira
2024-06-21;sexta-feira
2024-06-24;segunda-feira
2024-06-25;terca-feira
2024-06-26;quarta-feira
2024-06-27;quinta-feira
2024-06-28;sexta-feira
2024-07-01;segunda-feira
2024-07-02;terca-feira
2024-07-03;quarta-feira
2024-07-04;quinta-feira
2024-07-05;sexta-feira
2024-07-08;segunda-feira
2024-07-09;terca-feira
2024-07-10;quarta-feira
2024-07-11;quinta-feira
2024-07-12;sexta-feira
2024-07-15;segunda-feira
2024-07-16;terca-feira
2024-07-17;quarta-feira
2024-07-18;quinta-feira
2024-07-19;sexta-feira
2024-07-22;segunda-feira
2024-07-23;terca-feira
2024-07-24;quarta-feira
2024-07-25;quinta-feira
2024-07-26;sexta-feira
2024-07-29;segunda-feira
2024-07-30;terca-feira
2024-07-31;quarta-feira
2024-08-01;quinta-feira
2024-08-02;sexta-feira
2024-08-05;segunda-feira
2024-08-06;terca-feira
2024-08-07;quarta-feira
2024-08-08;quinta-feira
2024-08-09;sexta-feira
2024-08-12;segunda-feira
2024-08-13;terca-feira
2024-08-14;quarta-feira
2024-08-15;quinta-feira
2024-08-16;sexta-feira
2024-08-19;segunda-feira
2024-08-20;terca-feira
2024-08-21;quarta-feira
2024-08-22;quinta-feira
2024-08-23;sexta-feira
2024-08-26;segunda-feira
2024-08-27;terca-feira
2024-08-28;quarta-feira
2024-08-29;quinta-feira
2024-08-30;sexta-feira
2024-09-02;segunda-feira
2024-09-03;terca-feira
2024-09-04;quarta-feira
2024-09-05;quinta-feira
2024-09-06;sexta-feira
2024-09-09;segunda-feira
2024-09-10;terca-feira
2024-09-11;quarta-feira
2024-09-12;quinta-feira
2024-09-13;sexta-feira
2024-09-16;segunda-feira
2024-09-17;terca-feira
2024-09-18;quarta-feira
2024-09-19;quinta-feira
2024-09-20;sexta-feira
2024-09-23;segunda-feira
2024-09-24;terca-feira
2024-09-25;quarta-feira
2024-09-26;quinta-feira
2024-09-27;sexta-feira
2024-09-30;segunda-feira
2024-10-01;terca-feira
2024-10-02;quarta-feira
2024-10-03;quinta-feira
2024-10-04;sexta-feira
2024-10-07;segunda-feira
2024-10-08;terca-feira
2024-10-09;quarta-feira
2024-10-10;quinta-feira
2024-10-11;sexta-feira
2024-10-14;segunda-feira
2024-10-15;terca-feira
2024-10-16;quarta-feira
2024-10-17;quinta-feira
2024-10-18;sexta-feira
2024-10-21;segunda-feira
2024-10-22;terca-feira
2024-10-23;quarta-feira
2024-10-24;quinta-feira
2024-10-25;sexta-feira
2024-10-28;segunda-feira
2024-10-29;terca-feira
2024-10-30;quarta-feira
2024-10-31;quinta-feira
2024-11-01;sexta-feira
2024-11-04;segunda-feira
2024-11-05;terca-feira
2024-11-06;quarta-feira
2024-11-07;quinta-feira
2024-11-08;sexta-feira
2024-11-11;segunda-feira
2024-11-12;terca-feira
2024-11-13;quarta-feira
2024-11-14;quinta-feira
2024-11-15;sexta-feira
2024-11-18;segunda-feira
2024-11-19;terca-feira
2024-11-20;quarta-feira
2024-11-21;quinta-feira
2024-11-22;sexta-feira
2024-11-25;segunda-feira
2024-11-26;terca-feira
2024-11-27;quarta-feira
2024-11-28;quinta-feira
2024-11-29;sexta-feira
2024-12-02;segunda-feira
2024-12-03;terca-feira
2024-12-04;quarta-feira
2024-12-05;quinta-feira
2024-12-06;sexta-feira
2024-12-09;segunda-feira
2024-12-10;terca-feira
2024-12-11;quarta-feira
2024-12-12;quinta-feira
2024-12-13;sexta-feira
2024-12-16;segunda-feira
2024-12-17;terca-feira
2024-12-18;quarta-feira
2024-12-19;quinta-feira
2024-12-20;sexta-feira
2024-12-23;segunda-feira
2024-12-24;terca-feira
2024-12-25;quarta-feira
2024-12-26;quinta-feira
2024-12-27;sexta-feira
2024-12-30;segunda-feira
2024-12-31;terca-feira
